{"K": [[825.8763526349865, 0.0, 959.4142832488467], [0.0, 826.1912909292779, 544.6873509374598], [0.0, 0.0, 1.0]], "R": [[-0.9087510316963638, 0.3395170812611647, 0.24269263260901403], [-0.10059592798534339, 0.3861772603643461, -0.9169228881701311], [-0.40503335870464025, -0.857668511203126, -0.3167849479174334]], "T": [[43.81225488877271], [0.16812210220959845], [43.10170524249874]], "dist": [-1.2528586035625249, 0.8743308073561802, 0.0005611984182634334, 8.418225211563166e-05, -0.07048702150234981, -1.2096869469436908, 0.7794706014385488, -0.009646091652420401, 0.0, 0.0, 0.0, 0.0, 0.0, 0.0], "view_id": "cvlabrpi2_0"}