{"K": [[825.8763526349865, 0.0, 959.4142832488467], [0.0, 826.1912909292779, 544.6873509374598], [0.0, 0.0, 1.0]], "R": [[0.898312552938448, 0.4331186744379333, 0.07377513867378097], [0.14903035757670924, -0.1424210374517862, -0.9785224578984966], [-0.413309218084676, 0.8900137425592283, -0.19248643667009188]], "T": [[-50.74627346389952], [2.4355622931347316], [-16.67907636030523]], "dist": [-1.2528586035625249, 0.8743308073561802, 0.0005611984182634334, 8.418225211563166e-05, -0.07048702150234981, -1.2096869469436908, 0.7794706014385488, -0.009646091652420401, 0.0, 0.0, 0.0, 0.0, 0.0, 0.0], "view_id": "cvlabrpi24_0"}