{"K": [[825.8763526349865, 0.0, 959.4142832488467], [0.0, 826.1912909292779, 544.6873509374598], [0.0, 0.0, 1.0]], "R": [[-0.6574671946399513, 0.7531381262520657, -0.022800235915449718], [0.4890703301529181, 0.4035336824454535, -0.7732857035379146], [-0.5731902826604689, -0.519560901066987, -0.6336476701969891]], "T": [[31.291408118972797], [-14.592523599764123], [20.955996092089066]], "dist": [-1.2528586035625249, 0.8743308073561802, 0.0005611984182634334, 8.418225211563166e-05, -0.07048702150234981, -1.2096869469436908, 0.7794706014385488, -0.009646091652420401, 0.0, 0.0, 0.0, 0.0, 0.0, 0.0], "view_id": "cvlabrpi1_0"}