{"K": [[825.8763526349865, 0.0, 959.4142832488467], [0.0, 826.1912909292779, 544.6873509374598], [0.0, 0.0, 1.0]], "R": [[-0.9643163246763782, 0.26295553959045687, 0.030796268626793133], [0.07057886950969795, 0.36743769089929457, -0.9273662526129184], [-0.2551718031863532, -0.8921008505237992, -0.3728852683511903]], "T": [[18.757773096737736], [15.931528452644852], [-31.759557478455296]], "dist": [-1.2528586035625249, 0.8743308073561802, 0.0005611984182634334, 8.418225211563166e-05, -0.07048702150234981, -1.2096869469436908, 0.7794706014385488, -0.009646091652420401, 0.0, 0.0, 0.0, 0.0, 0.0, 0.0], "view_id": "cvlabrpi11_0"}