{"K": [[825.8763526349865, 0.0, 959.4142832488467], [0.0, 826.1912909292779, 544.6873509374598], [0.0, 0.0, 1.0]], "R": [[0.3983417443969315, -0.9060448502830022, 0.14285161513424416], [-0.2971199561034813, -0.2748039137437543, -0.9144411083695771], [0.8677808400488428, 0.32181600063820265, -0.37866987651166173]], "T": [[-69.23437453436547], [-40.523832429863226], [77.81819838981764]], "dist": [-1.2528586035625249, 0.8743308073561802, 0.0005611984182634334, 8.418225211563166e-05, -0.07048702150234981, -1.2096869469436908, 0.7794706014385488, -0.009646091652420401, 0.0, 0.0, 0.0, 0.0, 0.0, 0.0], "view_id": "cvlabrpi14_0"}