{"K": [[825.8763526349865, 0.0, 959.4142832488467], [0.0, 826.1912909292779, 544.6873509374598], [0.0, 0.0, 1.0]], "R": [[0.9804470754945287, -0.19650594324620518, 0.010437740327513267], [-0.03287162142300337, -0.2158449040949619, -0.9758741895763302], [0.19401801117228307, 0.9564498897721488, -0.21808397395406193]], "T": [[-23.268965146698655], [11.733374006840252], [-40.53182625915494]], "dist": [-1.2528586035625249, 0.8743308073561802, 0.0005611984182634334, 8.418225211563166e-05, -0.07048702150234981, -1.2096869469436908, 0.7794706014385488, -0.009646091652420401, 0.0, 0.0, 0.0, 0.0, 0.0, 0.0], "view_id": "cvlabrpi5_0"}