{"K": [[825.8763526349865, 0.0, 959.4142832488467], [0.0, 826.1912909292779, 544.6873509374598], [0.0, 0.0, 1.0]], "R": [[-0.9169296319940935, 0.39364600380562537, 0.0654436678299577], [0.07281016595920925, 0.32628321593630794, -0.9424637620254973], [-0.392350264055179, -0.8594079861661296, -0.3278401799805951]], "T": [[-8.793596070231331], [38.281407894679965], [-104.66441935602963]], "dist": [-1.2528586035625249, 0.8743308073561802, 0.0005611984182634334, 8.418225211563166e-05, -0.07048702150234981, -1.2096869469436908, 0.7794706014385488, -0.009646091652420401, 0.0, 0.0, 0.0, 0.0, 0.0, 0.0], "view_id": "cvlabrpi6_0"}