{"K": [[825.8763526349865, 0.0, 959.4142832488467], [0.0, 826.1912909292779, 544.6873509374598], [0.0, 0.0, 1.0]], "R": [[0.4996554631982326, -0.8537718015052449, 0.14634933908511033], [-0.30273069421157855, -0.33040813257895935, -0.8939712482557036], [0.8116024549484406, 0.40237318111446446, -0.4235531586961556]], "T": [[-49.96906204800726], [-27.939807641544263], [47.14306416816959]], "dist": [-1.2528586035625249, 0.8743308073561802, 0.0005611984182634334, 8.418225211563166e-05, -0.07048702150234981, -1.2096869469436908, 0.7794706014385488, -0.009646091652420401, 0.0, 0.0, 0.0, 0.0, 0.0, 0.0], "view_id": "cvlabrpi26_0"}