{"K": [[825.8763526349865, 0.0, 959.4142832488467], [0.0, 826.1912909292779, 544.6873509374598], [0.0, 0.0, 1.0]], "R": [[-0.7824403015614796, 0.621069711838972, 0.04538267872919188], [0.0518637149815101, 0.1376165720596535, -0.9891268038845507], [-0.6205621077383773, -0.771578960399262, -0.13988773466067794]], "T": [[-84.80582370874376], [-24.57378353012323], [165.25681686256746]], "dist": [-1.2528586035625249, 0.8743308073561802, 0.0005611984182634334, 8.418225211563166e-05, -0.07048702150234981, -1.2096869469436908, 0.7794706014385488, -0.009646091652420401, 0.0, 0.0, 0.0, 0.0, 0.0, 0.0], "view_id": "cvlabrpi10_0"}