{"K": [[825.8763526349865, 0.0, 959.4142832488467], [0.0, 826.1912909292779, 544.6873509374598], [0.0, 0.0, 1.0]], "R": [[0.8893330405983956, 0.45579353347403967, -0.03659231809085592], [0.1992737272733131, -0.4583541184156741, -0.8661417226701364], [-0.4115540359644334, 0.762996564195829, -0.4984571380838539]], "T": [[-32.383234007731474], [-8.538339127481684], [22.580493764874134]], "dist": [-1.2528586035625249, 0.8743308073561802, 0.0005611984182634334, 8.418225211563166e-05, -0.07048702150234981, -1.2096869469436908, 0.7794706014385488, -0.009646091652420401, 0.0, 0.0, 0.0, 0.0, 0.0, 0.0], "view_id": "cvlabrpi4_0"}