{"K": [[825.8763526349865, 0.0, 959.4142832488467], [0.0, 826.1912909292779, 544.6873509374598], [0.0, 0.0, 1.0]], "R": [[0.5325667165374581, 0.8444677329055081, 0.05698193150413067], [0.42165383965539555, -0.20633774723796006, -0.8829681611296216], [-0.733880597877047, 0.4942661045896177, -0.4659616785889511]], "T": [[111.25058703224042], [-1.8979124195130637], [22.361901566978663]], "dist": [-1.2528586035625249, 0.8743308073561802, 0.0005611984182634334, 8.418225211563166e-05, -0.07048702150234981, -1.2096869469436908, 0.7794706014385488, -0.009646091652420401, 0.0, 0.0, 0.0, 0.0, 0.0, 0.0], "view_id": "cvlabrpi25_0"}