{"K": [[825.8763526349865, 0.0, 959.4142832488467], [0.0, 826.1912909292779, 544.6873509374598], [0.0, 0.0, 1.0]], "R": [[0.7838898533798055, 0.6151954406030158, 0.08397182640295697], [0.30775582142950764, -0.2675138835756736, -0.9130841562914723], [-0.5392615804453679, 0.7416002238103238, -0.39903139713566615]], "T": [[19.88968151733181], [-16.59949440060457], [48.95770117869235]], "dist": [-1.2528586035625249, 0.8743308073561802, 0.0005611984182634334, 8.418225211563166e-05, -0.07048702150234981, -1.2096869469436908, 0.7794706014385488, -0.009646091652420401, 0.0, 0.0, 0.0, 0.0, 0.0, 0.0], "view_id": "cvlabrpi8_0"}