{"K": [[825.8763526349865, 0.0, 959.4142832488467], [0.0, 826.1912909292779, 544.6873509374598], [0.0, 0.0, 1.0]], "R": [[-0.7900699124103159, 0.608342066789897, -0.07556099044978376], [0.2610870164088259, 0.22240638512947553, -0.9393449684308618], [-0.5546378127811817, -0.7618761904846717, -0.33454680839289275]], "T": [[25.835340970648637], [23.938993782647604], [-65.59553330141028]], "dist": [-1.2528586035625249, 0.8743308073561802, 0.0005611984182634334, 8.418225211563166e-05, -0.07048702150234981, -1.2096869469436908, 0.7794706014385488, -0.009646091652420401, 0.0, 0.0, 0.0, 0.0, 0.0, 0.0], "view_id": "cvlabrpi17_0"}