{"K": [[825.8763526349865, 0.0, 959.4142832488467], [0.0, 826.1912909292779, 544.6873509374598], [0.0, 0.0, 1.0]], "R": [[0.7028814601168071, -0.7108462385837888, -0.02559840064036495], [-0.347468061864473, -0.3117279934847945, -0.8843594314881764], [0.6206638373614273, 0.6304944751298167, -0.46610419202423475]], "T": [[-33.851186934070746], [-6.687403889118757], [19.827444839613626]], "dist": [-1.2528586035625249, 0.8743308073561802, 0.0005611984182634334, 8.418225211563166e-05, -0.07048702150234981, -1.2096869469436908, 0.7794706014385488, -0.009646091652420401, 0.0, 0.0, 0.0, 0.0, 0.0, 0.0], "view_id": "cvlabrpi22_0"}