{"K": [[825.8763526349865, 0.0, 959.4142832488467], [0.0, 826.1912909292779, 544.6873509374598], [0.0, 0.0, 1.0]], "R": [[0.9676674026669505, -0.24557253909088544, -0.057566707915712], [-0.12692146255483583, -0.2768458689051928, -0.9524953056120907], [0.21796958539837336, 0.9290051091972445, -0.29906314872728285]], "T": [[6.357815426891176], [42.297946213870716], [-123.74469876547266]], "dist": [-1.2528586035625249, 0.8743308073561802, 0.0005611984182634334, 8.418225211563166e-05, -0.07048702150234981, -1.2096869469436908, 0.7794706014385488, -0.009646091652420401, 0.0, 0.0, 0.0, 0.0, 0.0, 0.0], "view_id": "cvlabrpi13_0"}