{"K": [[825.8763526349865, 0.0, 959.4142832488467], [0.0, 826.1912909292779, 544.6873509374598], [0.0, 0.0, 1.0]], "R": [[-0.8692298774515846, -0.48863630591824536, 0.0753258301253579], [-0.2530894314266289, 0.3088875733865881, -0.9168065263224795], [0.42471774138320273, -0.8159797960402674, -0.3921629924003982]], "T": [[-160.39674347719298], [19.30357489277581], [-68.93997643264485]], "dist": [-1.2528586035625249, 0.8743308073561802, 0.0005611984182634334, 8.418225211563166e-05, -0.07048702150234981, -1.2096869469436908, 0.7794706014385488, -0.009646091652420401, 0.0, 0.0, 0.0, 0.0, 0.0, 0.0], "view_id": "cvlabrpi15_0"}