{"K": [[825.8763526349865, 0.0, 959.4142832488467], [0.0, 826.1912909292779, 544.6873509374598], [0.0, 0.0, 1.0]], "R": [[-0.5045040281467463, 0.8598314085108799, -0.07852155450514031], [0.35857643725815114, 0.12592389334467646, -0.9249681679539952], [-0.7854289428248481, -0.49480614590273175, -0.37184439453879947]], "T": [[72.35289754673873], [46.95611037247732], [-124.97549196436957]], "dist": [-1.2528586035625249, 0.8743308073561802, 0.0005611984182634334, 8.418225211563166e-05, -0.07048702150234981, -1.2096869469436908, 0.7794706014385488, -0.009646091652420401, 0.0, 0.0, 0.0, 0.0, 0.0, 0.0], "view_id": "cvlabrpi18_0"}