{"K": [[825.8763526349865, 0.0, 959.4142832488467], [0.0, 826.1912909292779, 544.6873509374598], [0.0, 0.0, 1.0]], "R": [[0.9532838231617539, 0.29728262415858914, 0.05360031596448986], [0.11765127805102239, -0.20196066474757307, -0.9723014278852415], [-0.27822316451199947, 0.9331853681172362, -0.22750151529347545]], "T": [[135.0449784239744], [-16.53391162217258], [114.37658277707932]], "dist": [-1.2528586035625249, 0.8743308073561802, 0.0005611984182634334, 8.418225211563166e-05, -0.07048702150234981, -1.2096869469436908, 0.7794706014385488, -0.009646091652420401, 0.0, 0.0, 0.0, 0.0, 0.0, 0.0], "view_id": "cvlabrpi16_0"}