{"K": [[825.8763526349865, 0.0, 959.4142832488467], [0.0, 826.1912909292779, 544.6873509374598], [0.0, 0.0, 1.0]], "R": [[0.8901308332446047, -0.43695209485310904, 0.12938302249810657], [-0.028228208312230413, -0.33624237461344986, -0.9413523430521592], [0.45482993301095215, 0.8342744945866368, -0.3116340798427937]], "T": [[12.933217022998853], [-43.302484690375834], [144.85824895493826]], "dist": [-1.2528586035625249, 0.8743308073561802, 0.0005611984182634334, 8.418225211563166e-05, -0.07048702150234981, -1.2096869469436908, 0.7794706014385488, -0.009646091652420401, 0.0, 0.0, 0.0, 0.0, 0.0, 0.0], "view_id": "cvlabrpi9_0"}