{"K": [[825.8763526349865, 0.0, 959.4142832488467], [0.0, 826.1912909292779, 544.6873509374598], [0.0, 0.0, 1.0]], "R": [[0.062439822088401375, -0.9902775375424733, -0.12430473545438253], [-0.3516899246907184, 0.09472794239932425, -0.9313113409595242], [0.9340318332308624, 0.10186763748907485, -0.3423558367310085]], "T": [[67.9333995028364], [2.2420753242220046], [-24.248206803148136]], "dist": [-1.2528586035625249, 0.8743308073561802, 0.0005611984182634334, 8.418225211563166e-05, -0.07048702150234981, -1.2096869469436908, 0.7794706014385488, -0.009646091652420401, 0.0, 0.0, 0.0, 0.0, 0.0, 0.0], "view_id": "cvlabrpi19_0"}