{"K": [[825.8763526349865, 0.0, 959.4142832488467], [0.0, 826.1912909292779, 544.6873509374598], [0.0, 0.0, 1.0]], "R": [[-0.9156033178867071, 0.3996066740298001, -0.04455412826769972], [0.1431233139245598, 0.22035564374428795, -0.9648622219163172], [-0.37574762978108783, -0.8898077861768134, -0.2589513899808473]], "T": [[21.271769588760606], [-10.161562742462902], [45.62121721649858]], "dist": [-1.2528586035625249, 0.8743308073561802, 0.0005611984182634334, 8.418225211563166e-05, -0.07048702150234981, -1.2096869469436908, 0.7794706014385488, -0.009646091652420401, 0.0, 0.0, 0.0, 0.0, 0.0, 0.0], "view_id": "cvlabrpi23_0"}