{"K": [[825.8763526349865, 0.0, 959.4142832488467], [0.0, 826.1912909292779, 544.6873509374598], [0.0, 0.0, 1.0]], "R": [[-0.48303615960694096, 0.8551291553847711, -0.18822910540908927], [0.32562066231164954, -0.02412060914334302, -0.9451927742478129], [-0.8128020993992946, -0.5178535737305309, -0.2667965955304098]], "T": [[9.446914223552158], [-15.131014743650566], [58.448762393978]], "dist": [-1.2528586035625249, 0.8743308073561802, 0.0005611984182634334, 8.418225211563166e-05, -0.07048702150234981, -1.2096869469436908, 0.7794706014385488, -0.009646091652420401, 0.0, 0.0, 0.0, 0.0, 0.0, 0.0], "view_id": "cvlabrpi3_0"}